{"accuracy": 0.8603223330775134, "precision": 0.8603223330775134}